"index","accuracy","auc","precision","recall","f1","Method"
"1","0.771428571428572","0.654545454545455","0.845905524681268","0.861471861471861","0.852439051791933","Class"
