"","accuracy","auc","precision","recall","f1","V1"
"1","0.821428571428571","0.665151515151515","0.844422519509476","0.944588744588745","0.891483054410899","Class"
